<?xml version="1.0" encoding="UTF-8"?>
<actions>
        <action>
            <actionName>run</actionName>
            <preAction>build-with-dependencies</preAction>
            <packagings>
                <packaging>jar</packaging>
            </packagings>
            <goals>
                <goal>process-classes</goal>
                <goal>org.codehaus.mojo:exec-maven-plugin:3.1.0:exec</goal>
            </goals>
            <properties>
                <exec.vmArgs></exec.vmArgs>
                <exec.args>${exec.vmArgs} -classpath %classpath ${exec.mainClass} ${exec.appArgs}</exec.args>
                <exec.appArgs></exec.appArgs>
                <exec.mainClass>com.iglnierod.gamearchive.main.Main</exec.mainClass>
                <exec.executable>java</exec.executable>
                <Env.DB_HOST>aws-0-eu-west-2.pooler.supabase.com</Env.DB_HOST>
                <Env.DB_NAME>postgres</Env.DB_NAME>
                <Env.DB_PORT>5432</Env.DB_PORT>
                <Env.DB_USER>postgres.lfmofaczejwpowodxisf</Env.DB_USER>
                <Env.DB_PASSWORD>782^^4$mbM9J3$^274@J</Env.DB_PASSWORD>
                
                
                
                
                
            </properties>
        </action>
        <action>
            <actionName>debug</actionName>
            <packagings>
                <packaging>jar</packaging>
            </packagings>
            <goals>
                <goal>process-classes</goal>
                <goal>org.codehaus.mojo:exec-maven-plugin:3.1.0:exec</goal>
            </goals>
            <properties>
                <exec.vmArgs>-agentlib:jdwp=transport=dt_socket,server=n,address=${jpda.address}</exec.vmArgs>
                <exec.args>${exec.vmArgs} -classpath %classpath ${exec.mainClass} ${exec.appArgs}</exec.args>
                <exec.appArgs></exec.appArgs>
                <exec.mainClass>com.iglnierod.gamearchive.main.Main</exec.mainClass>
                <exec.executable>java</exec.executable>
                <jpda.listen>true</jpda.listen>
            </properties>
        </action>
        <action>
            <actionName>profile</actionName>
            <packagings>
                <packaging>jar</packaging>
            </packagings>
            <goals>
                <goal>process-classes</goal>
                <goal>org.codehaus.mojo:exec-maven-plugin:3.1.0:exec</goal>
            </goals>
            <properties>
                <exec.vmArgs></exec.vmArgs>
                <exec.args>${exec.vmArgs} -classpath %classpath ${exec.mainClass} ${exec.appArgs}</exec.args>
                <exec.mainClass>com.iglnierod.gamearchive.main.Main</exec.mainClass>
                <exec.executable>java</exec.executable>
                <exec.appArgs></exec.appArgs>
            </properties>
        </action>
        <action>
            <actionName>build</actionName>
            <preAction>build-with-dependencies</preAction>
            <packagings>
                <packaging>*</packaging>
            </packagings>
            <goals>
                <goal>install</goal>
            </goals>
        </action>
    </actions>
